"Id","Success","Created","Error"
"0017F00000PVcAeQAL","true","false",""
"0017F00000PVcAfQAL","true","false",""
"0017F00000PVcAgQAL","true","false",""
"0017F00000PVcAhQAL","true","false",""
"0017F00000PVcAiQAL","true","false",""
"0017F00000PVcAjQAL","true","false",""
"0017F00000PVcAkQAL","true","false",""
"0017F00000PVcAlQAL","true","false",""
"0017F00000PVcAmQAL","true","false",""
"0017F00000PVcAnQAL","true","false",""
"Id","Success","Created","Error"
"0017F00000PVcmbQAD","true","true",""
"0017F00000PVcmcQAD","true","true",""
"0017F00000PVcmdQAD","true","true",""
"0017F00000PVcmeQAD","true","true",""
"0017F00000PVcmfQAD","true","true",""
"0017F00000PVcmgQAD","true","true",""
"0017F00000PVcmhQAD","true","true",""
"0017F00000PVcmiQAD","true","true",""
"0017F00000PVcmjQAD","true","true",""
"0017F00000PVcmkQAD","true","true",""
"Id","Success","Created","Error"
"0017F00000PVcmSQAT","true","true",""
"0017F00000PVcmTQAT","true","true",""
"0017F00000PVcmUQAT","true","true",""
"0017F00000PVcmVQAT","true","true",""
"0017F00000PVcmWQAT","true","true",""
"0017F00000PVcmXQAT","true","true",""
"0017F00000PVcmYQAT","true","true",""
"0017F00000PVcmZQAT","true","true",""
"0017F00000PVcmaQAD","true","true",""
"Id","Success","Created","Error"
"0017F00000PVcmlQAD","true","true",""
"0017F00000PVcmmQAD","true","true",""
"0017F00000PVcmnQAD","true","true",""
"0017F00000PVcmoQAD","true","true",""
"0017F00000PVcmpQAD","true","true",""
"0017F00000PVcmqQAD","true","true",""
"0017F00000PVcmrQAD","true","true",""
"0017F00000PVcmsQAD","true","true",""
"0017F00000PVcmtQAD","true","true",""
"0017F00000PVcmuQAD","true","true",""
